Transaction ID,Date,Customer ID,Gender,Age,Product Category,Quantity,Price per Unit,Total Amount
7,13-Mar-23,CUST007,Male,46,Clothing,2,25,50
17,22-Apr-23,CUST017,Female,27,Clothing,4,25,100
19,16-Sep-23,CUST019,Female,62,Clothing,2,25,50
41,22-Feb-23,CUST041,Male,34,Clothing,2,25,50
44,19-Feb-23,CUST044,Female,22,Clothing,1,25,25
64,24-Jan-23,CUST064,Male,49,Clothing,4,25,100
103,17-Jan-23,CUST103,Female,59,Clothing,1,25,25
127,24-Jul-23,CUST127,Female,33,Clothing,2,25,50
135,26-Feb-23,CUST135,Male,20,Clothing,2,25,50
145,2-Nov-23,CUST145,Female,39,Clothing,3,25,75
149,11-Oct-23,CUST149,Male,22,Clothing,3,25,75
156,25-Nov-23,CUST156,Female,43,Clothing,4,25,100
170,2-Jun-23,CUST170,Female,25,Clothing,2,25,50
185,27-Feb-23,CUST185,Male,24,Clothing,1,25,25
188,3-May-23,CUST188,Male,40,Clothing,3,25,75
205,7-Nov-23,CUST205,Female,43,Clothing,1,25,25
206,5-Aug-23,CUST206,Male,61,Clothing,1,25,25
223,2-Feb-23,CUST223,Female,64,Clothing,1,25,25
236,28-Apr-23,CUST236,Female,54,Clothing,1,25,25
242,2-May-23,CUST242,Male,21,Clothing,1,25,25
261,5-Aug-23,CUST261,Male,21,Clothing,2,25,50
277,18-Aug-23,CUST277,Male,36,Clothing,4,25,100
278,13-Mar-23,CUST278,Female,37,Clothing,4,25,100
287,20-Feb-23,CUST287,Male,54,Clothing,4,25,100
316,22-Apr-23,CUST316,Female,48,Clothing,2,25,50
318,24-Oct-23,CUST318,Male,61,Clothing,1,25,25
326,15-Sep-23,CUST326,Female,18,Clothing,3,25,75
360,9-Mar-23,CUST360,Male,42,Clothing,4,25,100
362,27-Nov-23,CUST362,Male,50,Clothing,1,25,25
379,5-Feb-23,CUST379,Female,47,Clothing,1,25,25
381,9-Jul-23,CUST381,Female,44,Clothing,4,25,100
389,1-Dec-23,CUST389,Male,21,Clothing,2,25,50
423,8-Mar-23,CUST423,Female,27,Clothing,1,25,25
439,9-Jul-23,CUST439,Male,50,Clothing,3,25,75
442,17-Mar-23,CUST442,Female,60,Clothing,4,25,100
475,20-Jan-23,CUST475,Male,26,Clothing,3,25,75
498,19-Jun-23,CUST498,Female,50,Clothing,4,25,100
517,8-Apr-23,CUST517,Female,47,Clothing,4,25,100
527,11-Apr-23,CUST527,Male,57,Clothing,2,25,50
545,1-Jun-23,CUST545,Male,27,Clothing,2,25,50
558,8-Oct-23,CUST558,Female,41,Clothing,1,25,25
585,1-May-23,CUST585,Female,24,Clothing,1,25,25
607,17-Mar-23,CUST607,Male,54,Clothing,3,25,75
615,23-Dec-23,CUST615,Female,61,Clothing,4,25,100
642,22-May-23,CUST642,Female,54,Clothing,4,25,100
653,20-May-23,CUST653,Male,54,Clothing,3,25,75
654,21-Jun-23,CUST654,Male,42,Clothing,3,25,75
657,11-Feb-23,CUST657,Male,40,Clothing,1,25,25
658,12-Mar-23,CUST658,Male,59,Clothing,1,25,25
661,16-Jul-23,CUST661,Female,44,Clothing,4,25,100
688,3-Oct-23,CUST688,Male,56,Clothing,4,25,100
730,4-Aug-23,CUST730,Female,36,Clothing,2,25,50
736,27-Jan-23,CUST736,Male,29,Clothing,4,25,100
750,6-Mar-23,CUST750,Female,35,Clothing,3,25,75
751,31-Aug-23,CUST751,Female,42,Clothing,2,25,50
755,22-Apr-23,CUST755,Female,58,Clothing,3,25,75
758,12-May-23,CUST758,Male,64,Clothing,4,25,100
763,28-Feb-23,CUST763,Male,34,Clothing,2,25,50
764,25-Mar-23,CUST764,Female,40,Clothing,1,25,25
774,12-Apr-23,CUST774,Female,40,Clothing,2,25,50
786,17-Oct-23,CUST786,Male,48,Clothing,4,25,100
790,8-Aug-23,CUST790,Male,62,Clothing,1,25,25
797,7-Jan-23,CUST797,Male,40,Clothing,3,25,75
803,22-Nov-23,CUST803,Male,39,Clothing,4,25,100
815,27-Aug-23,CUST815,Female,51,Clothing,3,25,75
840,24-May-23,CUST840,Male,62,Clothing,2,25,50
848,13-Feb-23,CUST848,Female,63,Clothing,3,25,75
849,4-May-23,CUST849,Male,32,Clothing,2,25,50
877,19-Jun-23,CUST877,Female,58,Clothing,1,25,25
887,11-Jun-23,CUST887,Male,59,Clothing,4,25,100
941,19-Mar-23,CUST941,Female,57,Clothing,2,25,50
944,5-Jun-23,CUST944,Male,44,Clothing,2,25,50
952,13-Nov-23,CUST952,Female,57,Clothing,1,25,25
955,14-Jul-23,CUST955,Male,58,Clothing,1,25,25
988,28-May-23,CUST988,Female,63,Clothing,3,25,75
10,7-Oct-23,CUST010,Female,52,Clothing,4,50,200
11,14-Feb-23,CUST011,Male,23,Clothing,2,50,100
22,15-Oct-23,CUST022,Male,18,Clothing,2,50,100
34,24-Dec-23,CUST034,Female,51,Clothing,3,50,150
59,5-Jul-23,CUST059,Male,62,Clothing,1,50,50
77,9-Jul-23,CUST077,Female,47,Clothing,2,50,100
85,6-Feb-23,CUST085,Male,31,Clothing,3,50,150
106,18-May-23,CUST106,Female,46,Clothing,1,50,50
119,13-Mar-23,CUST119,Female,60,Clothing,3,50,150
125,8-Aug-23,CUST125,Male,48,Clothing,2,50,100
138,23-Mar-23,CUST138,Male,49,Clothing,4,50,200
143,17-Jul-23,CUST143,Female,45,Clothing,1,50,50
146,28-Aug-23,CUST146,Male,38,Clothing,4,50,200
151,15-Dec-23,CUST151,Male,29,Clothing,1,50,50
159,31-May-23,CUST159,Male,26,Clothing,4,50,200
160,11-Aug-23,CUST160,Female,43,Clothing,2,50,100
163,2-Jan-23,CUST163,Female,64,Clothing,3,50,150
167,17-Sep-23,CUST167,Female,43,Clothing,3,50,150
186,5-Jul-23,CUST186,Male,20,Clothing,4,50,200
187,7-Jun-23,CUST187,Female,64,Clothing,2,50,100
194,6-Sep-23,CUST194,Male,55,Clothing,4,50,200
197,6-Mar-23,CUST197,Female,42,Clothing,4,50,200
224,23-Jun-23,CUST224,Female,25,Clothing,1,50,50
226,29-Oct-23,CUST226,Female,61,Clothing,1,50,50
231,4-Jan-23,CUST231,Female,23,Clothing,3,50,150
249,20-Oct-23,CUST249,Male,20,Clothing,1,50,50
258,4-Dec-23,CUST258,Female,37,Clothing,1,50,50
259,9-Aug-23,CUST259,Female,45,Clothing,4,50,200
284,8-Feb-23,CUST284,Male,43,Clothing,4,50,200
341,7-May-23,CUST341,Male,31,Clothing,4,50,200
359,22-Jul-23,CUST359,Male,50,Clothing,1,50,50
366,7-Feb-23,CUST366,Male,57,Clothing,2,50,100
375,17-Sep-23,CUST375,Male,32,Clothing,1,50,50
377,9-Mar-23,CUST377,Female,46,Clothing,4,50,200
400,24-Feb-23,CUST400,Male,53,Clothing,4,50,200
410,21-Nov-23,CUST410,Female,29,Clothing,2,50,100
471,23-Mar-23,CUST471,Male,32,Clothing,3,50,150
490,5-Feb-23,CUST490,Male,34,Clothing,3,50,150
526,10-Dec-23,CUST526,Male,33,Clothing,2,50,100
529,9-Aug-23,CUST529,Female,35,Clothing,3,50,150
538,17-Sep-23,CUST538,Male,18,Clothing,3,50,150
575,28-Mar-23,CUST575,Male,60,Clothing,2,50,100
609,19-Dec-23,CUST609,Female,47,Clothing,2,50,100
616,23-Sep-23,CUST616,Male,41,Clothing,2,50,100
623,10-Mar-23,CUST623,Male,34,Clothing,3,50,150
627,14-Oct-23,CUST627,Male,57,Clothing,1,50,50
630,15-Aug-23,CUST630,Male,42,Clothing,2,50,100
651,27-May-23,CUST651,Male,51,Clothing,3,50,150
665,20-Apr-23,CUST665,Male,57,Clothing,1,50,50
692,7-Sep-23,CUST692,Female,64,Clothing,2,50,100
696,6-Sep-23,CUST696,Female,50,Clothing,4,50,200
724,19-Apr-23,CUST724,Male,61,Clothing,3,50,150
737,29-Jun-23,CUST737,Female,33,Clothing,1,50,50
738,25-Apr-23,CUST738,Male,41,Clothing,2,50,100
748,20-Mar-23,CUST748,Male,25,Clothing,3,50,150
752,9-Dec-23,CUST752,Male,29,Clothing,2,50,100
765,9-Jun-23,CUST765,Male,43,Clothing,4,50,200
770,22-Oct-23,CUST770,Male,32,Clothing,1,50,50
798,4-Aug-23,CUST798,Male,61,Clothing,1,50,50
801,10-Aug-23,CUST801,Male,21,Clothing,4,50,200
830,22-Jun-23,CUST830,Female,64,Clothing,3,50,150
835,7-Sep-23,CUST835,Male,37,Clothing,4,50,200
836,19-Apr-23,CUST836,Female,22,Clothing,1,50,50
844,12-Oct-23,CUST844,Male,35,Clothing,3,50,150
854,20-Dec-23,CUST854,Male,29,Clothing,1,50,50
860,9-Jan-23,CUST860,Male,63,Clothing,4,50,200
906,4-Jun-23,CUST906,Female,20,Clothing,1,50,50
930,10-May-23,CUST930,Male,54,Clothing,4,50,200
938,19-Nov-23,CUST938,Male,49,Clothing,4,50,200
965,9-Nov-23,CUST965,Male,22,Clothing,4,50,200
973,22-Mar-23,CUST973,Male,60,Clothing,1,50,50
975,30-Mar-23,CUST975,Female,56,Clothing,4,50,200
978,22-Mar-23,CUST978,Female,53,Clothing,3,50,150
991,26-Dec-23,CUST991,Female,34,Clothing,2,50,100
996,16-May-23,CUST996,Male,62,Clothing,1,50,50
20,5-Nov-23,CUST020,Male,22,Clothing,3,300,900
24,29-Nov-23,CUST024,Female,49,Clothing,1,300,300
42,17-Feb-23,CUST042,Male,22,Clothing,3,300,900
43,14-Jul-23,CUST043,Female,48,Clothing,1,300,300
56,31-May-23,CUST056,Female,26,Clothing,3,300,900
58,13-Nov-23,CUST058,Male,18,Clothing,4,300,1200
70,21-Feb-23,CUST070,Female,43,Clothing,1,300,300
96,19-Dec-23,CUST096,Female,44,Clothing,2,300,600
101,29-Jan-23,CUST101,Male,32,Clothing,2,300,600
107,3-Feb-23,CUST107,Female,21,Clothing,4,300,1200
110,11-Jun-23,CUST110,Male,27,Clothing,3,300,900
165,14-Sep-23,CUST165,Female,60,Clothing,4,300,1200
168,24-Feb-23,CUST168,Male,53,Clothing,1,300,300
171,24-Nov-23,CUST171,Female,52,Clothing,3,300,900
180,1-Jan-23,CUST180,Male,41,Clothing,3,300,900
196,30-Sep-23,CUST196,Female,32,Clothing,3,300,900
202,26-Mar-23,CUST202,Female,34,Clothing,4,300,1200
248,9-Mar-23,CUST248,Male,26,Clothing,3,300,900
264,28-Jan-23,CUST264,Male,47,Clothing,3,300,900
265,11-Dec-23,CUST265,Male,55,Clothing,3,300,900
291,8-Jan-23,CUST291,Male,60,Clothing,2,300,600
296,6-Sep-23,CUST296,Female,22,Clothing,4,300,1200
340,19-Oct-23,CUST340,Female,36,Clothing,4,300,1200
365,11-Jun-23,CUST365,Male,31,Clothing,1,300,300
368,23-Aug-23,CUST368,Female,56,Clothing,4,300,1200
392,8-Dec-23,CUST392,Male,27,Clothing,2,300,600
398,16-May-23,CUST398,Female,48,Clothing,2,300,600
401,11-Oct-23,CUST401,Female,62,Clothing,1,300,300
402,21-Mar-23,CUST402,Female,41,Clothing,2,300,600
403,20-May-23,CUST403,Male,32,Clothing,2,300,600
405,6-Nov-23,CUST405,Female,25,Clothing,4,300,1200
440,26-Oct-23,CUST440,Male,64,Clothing,2,300,600
443,9-Aug-23,CUST443,Male,29,Clothing,2,300,600
459,21-Mar-23,CUST459,Male,28,Clothing,4,300,1200
482,27-Apr-23,CUST482,Female,28,Clothing,4,300,1200
484,13-Jan-23,CUST484,Female,19,Clothing,4,300,1200
496,14-Dec-23,CUST496,Male,23,Clothing,2,300,600
515,17-Jul-23,CUST515,Female,49,Clothing,3,300,900
550,7-Dec-23,CUST550,Male,40,Clothing,3,300,900
553,31-Mar-23,CUST553,Male,24,Clothing,4,300,1200
559,1-Jan-23,CUST559,Female,40,Clothing,4,300,1200
567,14-Jun-23,CUST567,Female,25,Clothing,3,300,900
582,14-Nov-23,CUST582,Male,35,Clothing,3,300,900
590,17-Mar-23,CUST590,Male,36,Clothing,3,300,900
625,8-Dec-23,CUST625,Male,31,Clothing,1,300,300
637,1-Sep-23,CUST637,Male,43,Clothing,2,300,600
649,9-Feb-23,CUST649,Female,58,Clothing,2,300,600
663,20-Mar-23,CUST663,Male,23,Clothing,4,300,1200
674,16-Apr-23,CUST674,Female,38,Clothing,1,300,300
680,22-Oct-23,CUST680,Female,53,Clothing,3,300,900
690,5-Nov-23,CUST690,Female,52,Clothing,3,300,900
702,27-Jul-23,CUST702,Female,60,Clothing,2,300,600
716,8-Aug-23,CUST716,Female,60,Clothing,4,300,1200
726,17-Jun-23,CUST726,Male,47,Clothing,4,300,1200
729,23-May-23,CUST729,Male,29,Clothing,4,300,1200
741,30-Nov-23,CUST741,Male,48,Clothing,1,300,300
782,4-Jun-23,CUST782,Male,59,Clothing,3,300,900
783,17-Dec-23,CUST783,Female,56,Clothing,1,300,300
800,24-Feb-23,CUST800,Male,32,Clothing,4,300,1200
826,19-Oct-23,CUST826,Female,46,Clothing,1,300,300
842,26-Dec-23,CUST842,Female,47,Clothing,2,300,600
852,12-Oct-23,CUST852,Female,41,Clothing,1,300,300
865,21-Dec-23,CUST865,Female,42,Clothing,1,300,300
899,25-May-23,CUST899,Male,26,Clothing,2,300,600
928,5-Apr-23,CUST928,Female,35,Clothing,4,300,1200
943,16-Oct-23,CUST943,Female,57,Clothing,4,300,1200
950,7-Nov-23,CUST950,Male,36,Clothing,3,300,900
964,31-Jan-23,CUST964,Male,24,Clothing,3,300,900
968,17-Nov-23,CUST968,Female,48,Clothing,3,300,900
969,19-Apr-23,CUST969,Female,40,Clothing,3,300,900
983,1-Nov-23,CUST983,Female,29,Clothing,1,300,300
987,29-Apr-23,CUST987,Female,30,Clothing,3,300,900
14,17-Jan-23,CUST014,Male,64,Clothing,4,30,120
23,12-Apr-23,CUST023,Female,35,Clothing,4,30,120
39,21-Apr-23,CUST039,Male,23,Clothing,4,30,120
80,10-Dec-23,CUST080,Female,64,Clothing,2,30,60
95,24-Nov-23,CUST095,Female,32,Clothing,2,30,60
116,23-Aug-23,CUST116,Female,23,Clothing,1,30,30
126,26-Oct-23,CUST126,Female,28,Clothing,3,30,90
148,9-May-23,CUST148,Male,18,Clothing,2,30,60
162,21-Aug-23,CUST162,Male,39,Clothing,2,30,60
178,4-Oct-23,CUST178,Male,40,Clothing,2,30,60
195,5-Feb-23,CUST195,Male,52,Clothing,1,30,30
222,26-Apr-23,CUST222,Male,51,Clothing,4,30,120
245,6-Sep-23,CUST245,Male,47,Clothing,3,30,90
255,8-Apr-23,CUST255,Male,48,Clothing,1,30,30
288,26-Jan-23,CUST288,Male,28,Clothing,4,30,120
294,27-Mar-23,CUST294,Female,23,Clothing,3,30,90
301,26-Mar-23,CUST301,Male,30,Clothing,4,30,120
312,7-Sep-23,CUST312,Male,41,Clothing,4,30,120
314,8-Apr-23,CUST314,Male,52,Clothing,4,30,120
315,1-Jun-23,CUST315,Male,47,Clothing,2,30,60
351,25-Sep-23,CUST351,Female,56,Clothing,3,30,90
415,27-Jan-23,CUST415,Male,53,Clothing,2,30,60
419,22-May-23,CUST419,Female,44,Clothing,3,30,90
422,20-Jun-23,CUST422,Female,28,Clothing,3,30,90
436,18-Mar-23,CUST436,Female,57,Clothing,4,30,120
438,19-Jan-23,CUST438,Female,42,Clothing,1,30,30
444,7-Mar-23,CUST444,Female,61,Clothing,3,30,90
477,24-Apr-23,CUST477,Male,43,Clothing,4,30,120
478,13-Apr-23,CUST478,Female,58,Clothing,2,30,60
483,25-Apr-23,CUST483,Male,55,Clothing,1,30,30
497,2-Oct-23,CUST497,Male,41,Clothing,4,30,120
518,11-May-23,CUST518,Female,40,Clothing,1,30,30
521,12-Aug-23,CUST521,Female,47,Clothing,4,30,120
528,6-Jul-23,CUST528,Female,36,Clothing,2,30,60
532,19-Jun-23,CUST532,Female,64,Clothing,4,30,120
548,9-Apr-23,CUST548,Female,51,Clothing,2,30,60
563,9-Aug-23,CUST563,Male,20,Clothing,2,30,60
566,2-Dec-23,CUST566,Female,64,Clothing,1,30,30
578,26-May-23,CUST578,Female,54,Clothing,4,30,120
601,10-Apr-23,CUST601,Male,19,Clothing,1,30,30
603,16-Jul-23,CUST603,Female,40,Clothing,3,30,90
613,23-Apr-23,CUST613,Female,52,Clothing,3,30,90
646,3-May-23,CUST646,Male,38,Clothing,3,30,90
675,4-Aug-23,CUST675,Female,45,Clothing,2,30,60
691,23-Apr-23,CUST691,Female,51,Clothing,3,30,90
699,22-Jun-23,CUST699,Female,37,Clothing,4,30,120
704,28-Aug-23,CUST704,Female,62,Clothing,3,30,90
719,4-Apr-23,CUST719,Female,42,Clothing,2,30,60
734,10-Jan-23,CUST734,Female,27,Clothing,1,30,30
746,11-Jan-23,CUST746,Female,33,Clothing,3,30,90
753,28-Feb-23,CUST753,Female,32,Clothing,1,30,30
776,31-Oct-23,CUST776,Male,35,Clothing,3,30,90
824,5-May-23,CUST824,Male,63,Clothing,4,30,120
861,17-Feb-23,CUST861,Female,41,Clothing,3,30,90
876,9-Oct-23,CUST876,Male,43,Clothing,4,30,120
878,30-Jun-23,CUST878,Female,20,Clothing,1,30,30
879,26-Dec-23,CUST879,Male,23,Clothing,1,30,30
884,29-Apr-23,CUST884,Female,26,Clothing,2,30,60
885,3-Mar-23,CUST885,Female,52,Clothing,4,30,120
895,22-May-23,CUST895,Female,55,Clothing,4,30,120
898,2-Nov-23,CUST898,Female,42,Clothing,3,30,90
900,21-Feb-23,CUST900,Male,21,Clothing,2,30,60
960,8-Aug-23,CUST960,Male,59,Clothing,2,30,60
962,19-Oct-23,CUST962,Male,44,Clothing,2,30,60
995,30-Apr-23,CUST995,Female,41,Clothing,1,30,30
2,27-Feb-23,CUST002,Female,26,Clothing,2,500,1000
4,21-May-23,CUST004,Male,37,Clothing,1,500,500
16,17-Feb-23,CUST016,Male,19,Clothing,3,500,1500
78,1-Jul-23,CUST078,Female,47,Clothing,3,500,1500
88,29-Mar-23,CUST088,Male,56,Clothing,1,500,500
112,2-Dec-23,CUST112,Male,37,Clothing,3,500,1500
115,26-Nov-23,CUST115,Male,51,Clothing,3,500,1500
124,27-Oct-23,CUST124,Male,33,Clothing,4,500,2000
130,12-Mar-23,CUST130,Female,57,Clothing,1,500,500
166,2-Apr-23,CUST166,Male,34,Clothing,4,500,2000
203,16-May-23,CUST203,Male,56,Clothing,2,500,1000
212,9-Jun-23,CUST212,Male,21,Clothing,3,500,1500
215,29-Nov-23,CUST215,Male,58,Clothing,3,500,1500
253,31-Aug-23,CUST253,Female,53,Clothing,4,500,2000
256,18-Feb-23,CUST256,Male,23,Clothing,2,500,1000
269,1-Feb-23,CUST269,Male,25,Clothing,4,500,2000
274,9-Apr-23,CUST274,Female,23,Clothing,2,500,1000
275,8-Apr-23,CUST275,Male,43,Clothing,2,500,1000
279,5-Aug-23,CUST279,Male,50,Clothing,1,500,500
280,4-Apr-23,CUST280,Female,37,Clothing,3,500,1500
319,5-Oct-23,CUST319,Male,31,Clothing,1,500,500
337,1-May-23,CUST337,Male,38,Clothing,1,500,500
342,24-Oct-23,CUST342,Female,43,Clothing,4,500,2000
346,11-Feb-23,CUST346,Male,59,Clothing,2,500,1000
382,26-May-23,CUST382,Female,53,Clothing,2,500,1000
384,13-Aug-23,CUST384,Male,55,Clothing,1,500,500
394,3-Jun-23,CUST394,Female,27,Clothing,1,500,500
420,23-Jan-23,CUST420,Female,22,Clothing,4,500,2000
421,2-Jan-23,CUST421,Female,37,Clothing,3,500,1500
452,8-May-23,CUST452,Female,48,Clothing,3,500,1500
453,8-Dec-23,CUST453,Female,26,Clothing,2,500,1000
470,17-May-23,CUST470,Female,57,Clothing,2,500,1000
474,15-Jul-23,CUST474,Female,26,Clothing,3,500,1500
476,29-Aug-23,CUST476,Female,27,Clothing,4,500,2000
487,24-Jul-23,CUST487,Male,44,Clothing,4,500,2000
534,10-Jun-23,CUST534,Male,45,Clothing,2,500,1000
547,7-Mar-23,CUST547,Male,63,Clothing,4,500,2000
561,27-May-23,CUST561,Female,64,Clothing,4,500,2000
570,15-Aug-23,CUST570,Male,49,Clothing,1,500,500
572,20-Apr-23,CUST572,Male,31,Clothing,4,500,2000
580,6-Dec-23,CUST580,Female,31,Clothing,3,500,1500
595,9-Nov-23,CUST595,Female,18,Clothing,4,500,2000
626,29-Sep-23,CUST626,Female,26,Clothing,4,500,2000
647,21-May-23,CUST647,Male,59,Clothing,3,500,1500
655,13-Jun-23,CUST655,Female,55,Clothing,1,500,500
664,28-Dec-23,CUST664,Female,44,Clothing,4,500,2000
673,1-Feb-23,CUST673,Female,43,Clothing,3,500,1500
684,30-Jun-23,CUST684,Female,28,Clothing,2,500,1000
697,15-Jan-23,CUST697,Male,53,Clothing,1,500,500
707,1-Oct-23,CUST707,Female,26,Clothing,1,500,500
714,12-Feb-23,CUST714,Female,18,Clothing,1,500,500
717,11-Mar-23,CUST717,Male,57,Clothing,1,500,500
721,14-May-23,CUST721,Female,52,Clothing,1,500,500
731,10-May-23,CUST731,Male,54,Clothing,4,500,2000
735,4-Oct-23,CUST735,Female,64,Clothing,4,500,2000
761,7-Nov-23,CUST761,Female,33,Clothing,1,500,500
789,30-Sep-23,CUST789,Female,61,Clothing,4,500,2000
814,5-Sep-23,CUST814,Female,59,Clothing,1,500,500
845,6-Jan-23,CUST845,Male,54,Clothing,1,500,500
904,4-Jul-23,CUST904,Male,28,Clothing,1,500,500
942,18-Mar-23,CUST942,Male,51,Clothing,3,500,1500
956,19-Aug-23,CUST956,Male,30,Clothing,3,500,1500
984,29-Aug-23,CUST984,Male,56,Clothing,1,500,500
986,17-Jan-23,CUST986,Female,49,Clothing,2,500,1000
3,13-Jan-23,CUST003,Male,50,Electronics,1,30,30
8,22-Feb-23,CUST008,Male,30,Electronics,4,25,100
9,13-Dec-23,CUST009,Male,63,Electronics,2,300,600
13,5-Aug-23,CUST013,Male,22,Electronics,3,500,1500
15,16-Jan-23,CUST015,Female,42,Electronics,4,500,2000
18,30-Apr-23,CUST018,Female,47,Electronics,2,25,50
26,7-Oct-23,CUST026,Female,28,Electronics,2,500,1000
29,18-Aug-23,CUST029,Female,42,Electronics,1,30,30
31,23-May-23,CUST031,Male,44,Electronics,4,300,1200
33,23-Mar-23,CUST033,Female,50,Electronics,2,50,100
45,3-Jul-23,CUST045,Female,55,Electronics,1,30,30
46,26-Jun-23,CUST046,Female,20,Electronics,4,300,1200
48,16-May-23,CUST048,Male,54,Electronics,3,300,900
49,23-Jan-23,CUST049,Female,54,Electronics,2,500,1000
53,13-Jul-23,CUST053,Male,34,Electronics,2,50,100
54,10-Feb-23,CUST054,Female,38,Electronics,3,500,1500
63,5-Feb-23,CUST063,Male,57,Electronics,2,25,50
65,5-Dec-23,CUST065,Male,51,Electronics,4,500,2000
66,27-Apr-23,CUST066,Female,45,Electronics,1,30,30
68,10-Feb-23,CUST068,Male,25,Electronics,1,300,300
72,23-May-23,CUST072,Female,20,Electronics,4,500,2000
73,21-Aug-23,CUST073,Male,29,Electronics,3,30,90
76,25-Mar-23,CUST076,Female,22,Electronics,2,50,100
81,17-May-23,CUST081,Male,40,Electronics,1,50,50
83,16-Dec-23,CUST083,Male,54,Electronics,2,50,100
84,28-Nov-23,CUST084,Female,38,Electronics,3,30,90
89,1-Oct-23,CUST089,Female,55,Electronics,4,500,2000
90,6-May-23,CUST090,Female,51,Electronics,1,30,30
91,25-Mar-23,CUST091,Female,55,Electronics,1,500,500
92,25-Aug-23,CUST092,Female,51,Electronics,4,30,120
99,17-Dec-23,CUST099,Female,50,Electronics,4,300,1200
100,16-Jun-23,CUST100,Male,41,Electronics,1,30,30
105,25-Jul-23,CUST105,Female,22,Electronics,1,500,500
109,18-Oct-23,CUST109,Female,34,Electronics,4,500,2000
111,19-Apr-23,CUST111,Female,34,Electronics,3,500,1500
113,13-Sep-23,CUST113,Female,41,Electronics,2,25,50
117,15-Mar-23,CUST117,Male,19,Electronics,2,500,1000
118,16-May-23,CUST118,Female,30,Electronics,4,500,2000
121,15-Oct-23,CUST121,Female,28,Electronics,4,50,200
122,3-Oct-23,CUST122,Male,64,Electronics,4,30,120
123,15-May-23,CUST123,Female,40,Electronics,2,30,60
132,10-Sep-23,CUST132,Male,42,Electronics,4,50,200
133,16-Feb-23,CUST133,Male,20,Electronics,3,300,900
134,25-Jan-23,CUST134,Male,49,Electronics,1,50,50
136,20-Mar-23,CUST136,Male,44,Electronics,2,300,600
140,5-Aug-23,CUST140,Male,38,Electronics,1,30,30
141,2-Nov-23,CUST141,Female,22,Electronics,1,50,50
142,2-Feb-23,CUST142,Male,35,Electronics,4,300,1200
147,28-Sep-23,CUST147,Male,23,Electronics,1,300,300
150,6-Jan-23,CUST150,Female,58,Electronics,4,30,120
152,28-Feb-23,CUST152,Male,43,Electronics,4,500,2000
153,16-Dec-23,CUST153,Male,63,Electronics,2,500,1000
154,2-Oct-23,CUST154,Male,51,Electronics,3,300,900
155,17-May-23,CUST155,Male,31,Electronics,4,500,2000
157,24-Jun-23,CUST157,Male,62,Electronics,4,500,2000
158,27-Feb-23,CUST158,Female,44,Electronics,2,300,600
173,8-Nov-23,CUST173,Male,64,Electronics,4,30,120
175,20-Mar-23,CUST175,Female,31,Electronics,4,25,100
179,29-Sep-23,CUST179,Male,31,Electronics,1,300,300
181,3-Nov-23,CUST181,Male,19,Electronics,4,300,1200
184,10-Jan-23,CUST184,Male,31,Electronics,4,50,200
201,9-Oct-23,CUST201,Male,56,Electronics,1,25,25
208,4-Oct-23,CUST208,Female,34,Electronics,4,50,200
209,20-Dec-23,CUST209,Female,30,Electronics,4,50,200
210,13-Apr-23,CUST210,Male,37,Electronics,4,50,200
216,11-Jul-23,CUST216,Male,62,Electronics,2,50,100
217,13-Aug-23,CUST217,Female,35,Electronics,4,50,200
219,20-Aug-23,CUST219,Female,53,Electronics,3,30,90
227,11-Oct-23,CUST227,Male,36,Electronics,2,50,100
228,28-Apr-23,CUST228,Female,59,Electronics,2,30,60
234,20-Nov-23,CUST234,Female,62,Electronics,2,25,50
235,31-Jan-23,CUST235,Female,23,Electronics,2,500,1000
239,19-Jun-23,CUST239,Male,38,Electronics,3,500,1500
241,21-Sep-23,CUST241,Female,23,Electronics,3,25,75
243,23-May-23,CUST243,Female,47,Electronics,3,300,900
246,20-Apr-23,CUST246,Female,48,Electronics,2,25,50
247,4-Oct-23,CUST247,Male,41,Electronics,2,30,60
250,23-Oct-23,CUST250,Male,48,Electronics,1,50,50
252,5-May-23,CUST252,Male,54,Electronics,1,300,300
254,28-Jul-23,CUST254,Male,41,Electronics,1,500,500
266,1-Dec-23,CUST266,Female,19,Electronics,2,30,60
268,20-Feb-23,CUST268,Female,28,Electronics,1,30,30
270,26-Jul-23,CUST270,Male,43,Electronics,1,300,300
272,25-Feb-23,CUST272,Female,61,Electronics,2,50,100
282,25-Aug-23,CUST282,Female,64,Electronics,4,50,200
283,8-May-23,CUST283,Female,18,Electronics,1,500,500
285,15-Aug-23,CUST285,Female,31,Electronics,1,25,25
286,9-Oct-23,CUST286,Male,55,Electronics,2,25,50
289,30-Nov-23,CUST289,Male,53,Electronics,2,30,60
293,2-May-23,CUST293,Male,50,Electronics,3,30,90
297,4-Sep-23,CUST297,Female,40,Electronics,2,500,1000
299,25-Jul-23,CUST299,Male,61,Electronics,2,500,1000
300,31-Jan-23,CUST300,Female,19,Electronics,4,50,200
303,2-Jan-23,CUST303,Male,19,Electronics,3,30,90
304,19-Jul-23,CUST304,Female,37,Electronics,2,30,60
306,21-Aug-23,CUST306,Male,54,Electronics,1,50,50
307,27-May-23,CUST307,Female,26,Electronics,2,25,50
317,30-Jan-23,CUST317,Male,22,Electronics,3,30,90
320,1-Feb-23,CUST320,Female,28,Electronics,4,300,1200
321,10-Jun-23,CUST321,Female,26,Electronics,2,25,50
322,30-Jan-23,CUST322,Male,51,Electronics,1,500,500
324,27-Oct-23,CUST324,Female,52,Electronics,3,50,150
325,2-Sep-23,CUST325,Female,52,Electronics,2,25,50
327,29-Sep-23,CUST327,Male,57,Electronics,3,50,150
329,30-Jan-23,CUST329,Female,46,Electronics,4,25,100
331,11-Feb-23,CUST331,Male,28,Electronics,3,30,90
332,6-Apr-23,CUST332,Male,58,Electronics,4,300,1200
333,5-Feb-23,CUST333,Female,54,Electronics,4,300,1200
334,1-Nov-23,CUST334,Male,31,Electronics,3,300,900
339,3-Mar-23,CUST339,Female,22,Electronics,2,25,50
343,1-Nov-23,CUST343,Male,21,Electronics,2,25,50
345,14-Nov-23,CUST345,Male,62,Electronics,1,30,30
347,3-Aug-23,CUST347,Male,42,Electronics,1,25,25
348,3-Dec-23,CUST348,Female,35,Electronics,2,300,600
352,11-Jun-23,CUST352,Male,57,Electronics,2,500,1000
353,14-May-23,CUST353,Male,31,Electronics,1,500,500
355,9-Dec-23,CUST355,Female,55,Electronics,1,500,500
356,10-Jun-23,CUST356,Male,50,Electronics,3,500,1500
357,3-May-23,CUST357,Female,40,Electronics,3,25,75
361,10-Dec-23,CUST361,Female,34,Electronics,4,300,1200
367,5-Jan-23,CUST367,Female,57,Electronics,1,50,50
369,15-Nov-23,CUST369,Male,23,Electronics,3,500,1500
370,16-Oct-23,CUST370,Male,23,Electronics,2,30,60
380,6-May-23,CUST380,Male,56,Electronics,2,300,600
385,6-Oct-23,CUST385,Male,50,Electronics,3,500,1500
386,27-Dec-23,CUST386,Female,54,Electronics,2,300,600
388,10-Nov-23,CUST388,Male,50,Electronics,1,25,25
390,28-Sep-23,CUST390,Male,39,Electronics,2,50,100
395,6-Dec-23,CUST395,Male,50,Electronics,2,500,1000
404,25-May-23,CUST404,Male,46,Electronics,2,500,1000
407,25-Jun-23,CUST407,Female,46,Electronics,3,300,900
409,18-Dec-23,CUST409,Female,21,Electronics,3,300,900
411,16-May-23,CUST411,Male,62,Electronics,4,50,200
412,16-Sep-23,CUST412,Female,19,Electronics,4,500,2000
416,17-Feb-23,CUST416,Male,53,Electronics,4,500,2000
417,21-Nov-23,CUST417,Male,43,Electronics,3,300,900
418,5-Aug-23,CUST418,Female,60,Electronics,2,500,1000
425,15-May-23,CUST425,Female,55,Electronics,4,30,120
426,24-Mar-23,CUST426,Male,23,Electronics,3,50,150
427,15-Aug-23,CUST427,Male,25,Electronics,1,25,25
428,10-Oct-23,CUST428,Female,40,Electronics,4,50,200
429,28-Dec-23,CUST429,Male,64,Electronics,2,25,50
430,7-Aug-23,CUST430,Female,43,Electronics,3,300,900
431,15-Oct-23,CUST431,Male,63,Electronics,4,300,1200
432,5-Jan-23,CUST432,Female,60,Electronics,2,500,1000
434,8-Feb-23,CUST434,Female,43,Electronics,2,25,50
437,7-Oct-23,CUST437,Female,35,Electronics,4,300,1200
445,22-Jan-23,CUST445,Female,53,Electronics,1,300,300
446,7-Jun-23,CUST446,Male,21,Electronics,1,50,50
449,3-Jul-23,CUST449,Male,25,Electronics,4,50,200
451,16-Dec-23,CUST451,Female,45,Electronics,1,30,30
455,1-Jul-23,CUST455,Male,31,Electronics,4,25,100
456,14-Oct-23,CUST456,Male,57,Electronics,2,30,60
458,14-Nov-23,CUST458,Female,39,Electronics,4,25,100
462,1-Apr-23,CUST462,Male,63,Electronics,4,300,1200
464,13-Jan-23,CUST464,Male,38,Electronics,2,300,600
465,2-Apr-23,CUST465,Female,43,Electronics,3,50,150
466,20-Jun-23,CUST466,Male,63,Electronics,4,25,100
467,30-Jul-23,CUST467,Female,53,Electronics,3,50,150
468,9-Dec-23,CUST468,Male,40,Electronics,1,25,25
479,24-Aug-23,CUST479,Male,52,Electronics,4,300,1200
481,6-Jun-23,CUST481,Female,43,Electronics,4,300,1200
485,4-Dec-23,CUST485,Male,24,Electronics,1,30,30
486,9-Apr-23,CUST486,Female,35,Electronics,1,25,25
488,18-Jun-23,CUST488,Female,51,Electronics,3,300,900
489,23-May-23,CUST489,Male,44,Electronics,1,30,30
491,23-May-23,CUST491,Female,60,Electronics,3,300,900
501,14-May-23,CUST501,Male,39,Electronics,2,30,60
502,2-Apr-23,CUST502,Male,43,Electronics,3,50,150
507,2-Nov-23,CUST507,Female,37,Electronics,3,500,1500
509,26-Jun-23,CUST509,Female,37,Electronics,3,300,900
513,19-Sep-23,CUST513,Male,24,Electronics,4,25,100
514,1-Mar-23,CUST514,Female,18,Electronics,1,300,300
519,23-Jan-23,CUST519,Female,36,Electronics,4,30,120
520,29-Dec-23,CUST520,Female,49,Electronics,4,25,100
523,24-Sep-23,CUST523,Female,62,Electronics,1,300,300
530,5-Feb-23,CUST530,Female,18,Electronics,4,30,120
531,7-Dec-23,CUST531,Male,31,Electronics,1,500,500
533,16-Nov-23,CUST533,Male,19,Electronics,3,500,1500
540,8-Dec-23,CUST540,Female,46,Electronics,3,300,900
544,23-Dec-23,CUST544,Female,27,Electronics,1,25,25
546,11-Oct-23,CUST546,Female,36,Electronics,4,50,200
551,14-Jul-23,CUST551,Male,45,Electronics,3,300,900
552,13-Dec-23,CUST552,Female,49,Electronics,3,25,75
556,4-Jun-23,CUST556,Female,18,Electronics,1,50,50
560,5-Jun-23,CUST560,Female,25,Electronics,1,50,50
562,18-Apr-23,CUST562,Male,54,Electronics,2,25,50
564,24-Oct-23,CUST564,Male,50,Electronics,2,50,100
568,27-Aug-23,CUST568,Female,51,Electronics,1,300,300
569,15-Aug-23,CUST569,Male,52,Electronics,4,50,200
571,12-Dec-23,CUST571,Female,41,Electronics,1,50,50
574,31-Aug-23,CUST574,Female,63,Electronics,2,25,50
579,21-Sep-23,CUST579,Female,38,Electronics,1,30,30
583,21-Jun-23,CUST583,Female,24,Electronics,4,25,100
586,11-Dec-23,CUST586,Male,50,Electronics,1,50,50
588,26-Apr-23,CUST588,Male,38,Electronics,2,30,60
591,13-Jan-23,CUST591,Male,53,Electronics,4,25,100
593,6-May-23,CUST593,Male,35,Electronics,2,30,60
594,1-Sep-23,CUST594,Female,19,Electronics,2,300,600
596,7-Feb-23,CUST596,Female,64,Electronics,1,300,300
602,23-Dec-23,CUST602,Female,20,Electronics,1,300,300
604,11-Sep-23,CUST604,Female,29,Electronics,4,50,200
605,24-Jul-23,CUST605,Male,37,Electronics,2,500,1000
606,5-May-23,CUST606,Male,22,Electronics,1,50,50
608,2-Dec-23,CUST608,Female,55,Electronics,3,500,1500
612,6-Aug-23,CUST612,Female,61,Electronics,1,500,500
617,26-Aug-23,CUST617,Male,34,Electronics,1,30,30
619,13-Oct-23,CUST619,Male,47,Electronics,4,25,100
620,8-May-23,CUST620,Male,63,Electronics,3,25,75
629,12-Jun-23,CUST629,Male,62,Electronics,2,25,50
631,10-Nov-23,CUST631,Male,56,Electronics,3,30,90
632,16-Sep-23,CUST632,Female,26,Electronics,4,25,100
634,8-Oct-23,CUST634,Male,60,Electronics,4,500,2000
635,17-Aug-23,CUST635,Female,63,Electronics,3,300,900
638,19-Aug-23,CUST638,Male,46,Electronics,1,500,500
640,7-May-23,CUST640,Female,51,Electronics,4,30,120
641,23-Nov-23,CUST641,Female,40,Electronics,1,300,300
643,24-Sep-23,CUST643,Female,28,Electronics,3,30,90
645,17-Nov-23,CUST645,Female,35,Electronics,4,30,120
650,1-Jan-24,CUST650,Male,55,Electronics,1,30,30
659,19-Mar-23,CUST659,Female,39,Electronics,1,30,30
666,2-Feb-23,CUST666,Male,51,Electronics,3,50,150
667,1-Aug-23,CUST667,Female,29,Electronics,1,500,500
668,28-Jul-23,CUST668,Female,62,Electronics,3,50,150
671,27-Aug-23,CUST671,Male,62,Electronics,3,50,150
676,19-Jul-23,CUST676,Male,63,Electronics,3,500,1500
678,23-Dec-23,CUST678,Female,60,Electronics,3,300,900
681,14-Jul-23,CUST681,Female,43,Electronics,2,30,60
685,2-Jun-23,CUST685,Male,57,Electronics,2,25,50
686,19-Jul-23,CUST686,Female,28,Electronics,4,50,200
687,3-Aug-23,CUST687,Female,53,Electronics,1,300,300
689,7-Oct-23,CUST689,Male,57,Electronics,2,50,100
694,20-May-23,CUST694,Female,39,Electronics,2,25,50
695,12-Aug-23,CUST695,Female,22,Electronics,3,50,150
698,19-Jul-23,CUST698,Female,64,Electronics,1,300,300
700,9-Dec-23,CUST700,Male,36,Electronics,4,500,2000
703,26-Mar-23,CUST703,Male,34,Electronics,2,50,100
705,7-Mar-23,CUST705,Male,60,Electronics,2,25,50
706,15-Nov-23,CUST706,Male,51,Electronics,4,25,100
709,21-Jul-23,CUST709,Female,19,Electronics,2,500,1000
710,31-Oct-23,CUST710,Female,26,Electronics,3,500,1500
711,16-Oct-23,CUST711,Male,26,Electronics,3,500,1500
725,21-Aug-23,CUST725,Male,61,Electronics,1,300,300
728,14-Jul-23,CUST728,Male,51,Electronics,3,50,150
732,11-Feb-23,CUST732,Male,61,Electronics,2,500,1000
742,21-Jan-23,CUST742,Female,38,Electronics,4,500,2000
744,7-May-23,CUST744,Male,40,Electronics,1,25,25
754,16-Oct-23,CUST754,Female,43,Electronics,4,25,100
756,27-Aug-23,CUST756,Female,62,Electronics,4,300,1200
757,25-Dec-23,CUST757,Female,43,Electronics,4,300,1200
759,8-Jul-23,CUST759,Male,49,Electronics,2,50,100
762,7-Nov-23,CUST762,Female,24,Electronics,2,25,50
766,25-Feb-23,CUST766,Male,38,Electronics,3,300,900
769,9-Jun-23,CUST769,Female,31,Electronics,4,30,120
771,13-Dec-23,CUST771,Male,24,Electronics,2,25,50
772,12-Jul-23,CUST772,Male,26,Electronics,1,30,30
773,23-Jul-23,CUST773,Male,25,Electronics,4,500,2000
775,8-Feb-23,CUST775,Female,46,Electronics,4,25,100
777,20-Dec-23,CUST777,Male,48,Electronics,3,50,150
779,5-May-23,CUST779,Female,56,Electronics,2,500,1000
780,22-Feb-23,CUST780,Male,52,Electronics,2,25,50
784,4-Nov-23,CUST784,Female,34,Electronics,1,500,500
787,22-Jan-23,CUST787,Male,41,Electronics,1,25,25
795,28-Nov-23,CUST795,Male,57,Electronics,1,300,300
799,8-Sep-23,CUST799,Male,56,Electronics,2,50,100
804,24-Aug-23,CUST804,Male,42,Electronics,1,30,30
807,11-Aug-23,CUST807,Female,50,Electronics,4,50,200
810,30-Nov-23,CUST810,Male,59,Electronics,4,25,100
812,12-Nov-23,CUST812,Male,19,Electronics,3,25,75
813,3-Oct-23,CUST813,Male,52,Electronics,3,50,150
818,18-May-23,CUST818,Male,30,Electronics,1,500,500
820,6-May-23,CUST820,Male,49,Electronics,4,50,200
821,14-Feb-23,CUST821,Male,49,Electronics,1,300,300
823,19-Aug-23,CUST823,Female,56,Electronics,2,50,100
828,9-Dec-23,CUST828,Female,33,Electronics,4,300,1200
831,15-Jan-23,CUST831,Male,27,Electronics,4,25,100
838,13-May-23,CUST838,Male,47,Electronics,2,300,600
839,24-Jun-23,CUST839,Female,20,Electronics,4,300,1200
841,2-Nov-23,CUST841,Male,31,Electronics,4,25,100
847,8-Apr-23,CUST847,Female,18,Electronics,4,300,1200
851,8-Sep-23,CUST851,Male,32,Electronics,2,25,50
856,27-Nov-23,CUST856,Male,54,Electronics,4,30,120
857,31-Dec-23,CUST857,Male,60,Electronics,2,25,50
858,9-Sep-23,CUST858,Male,23,Electronics,2,50,100
859,18-Aug-23,CUST859,Female,56,Electronics,3,500,1500
862,31-May-23,CUST862,Male,28,Electronics,4,300,1200
863,24-Apr-23,CUST863,Female,30,Electronics,2,25,50
864,27-Jul-23,CUST864,Female,51,Electronics,1,500,500
866,5-May-23,CUST866,Male,24,Electronics,1,50,50
867,6-Jun-23,CUST867,Male,21,Electronics,1,500,500
868,6-Dec-23,CUST868,Female,25,Electronics,1,300,300
870,8-Jul-23,CUST870,Female,46,Electronics,4,30,120
873,29-Sep-23,CUST873,Female,27,Electronics,4,25,100
875,6-Aug-23,CUST875,Female,51,Electronics,4,500,2000
881,19-May-23,CUST881,Male,22,Electronics,1,300,300
882,6-Jun-23,CUST882,Female,64,Electronics,2,25,50
883,9-May-23,CUST883,Male,40,Electronics,1,500,500
886,9-Apr-23,CUST886,Male,37,Electronics,3,300,900
888,3-Mar-23,CUST888,Female,52,Electronics,4,25,100
889,2-Oct-23,CUST889,Female,35,Electronics,1,50,50
890,20-Dec-23,CUST890,Male,34,Electronics,2,25,50
891,5-Apr-23,CUST891,Male,41,Electronics,3,300,900
892,9-Apr-23,CUST892,Male,20,Electronics,1,50,50
893,21-Apr-23,CUST893,Male,49,Electronics,1,50,50
894,5-Sep-23,CUST894,Male,52,Electronics,1,30,30
896,29-Oct-23,CUST896,Female,30,Electronics,2,25,50
897,26-Sep-23,CUST897,Female,64,Electronics,2,50,100
901,10-Apr-23,CUST901,Male,31,Electronics,1,30,30
907,8-Jan-23,CUST907,Female,45,Electronics,1,25,25
909,1-Oct-23,CUST909,Male,26,Electronics,1,300,300
911,21-May-23,CUST911,Male,42,Electronics,3,300,900
913,28-Jan-23,CUST913,Male,29,Electronics,3,30,90
914,11-Oct-23,CUST914,Female,59,Electronics,1,500,500
916,24-Dec-23,CUST916,Female,32,Electronics,1,50,50
917,6-Mar-23,CUST917,Female,57,Electronics,4,50,200
918,23-Nov-23,CUST918,Female,42,Electronics,3,30,90
921,7-Jan-23,CUST921,Male,51,Electronics,3,25,75
922,21-Oct-23,CUST922,Male,41,Electronics,1,50,50
925,3-Sep-23,CUST925,Male,25,Electronics,1,300,300
926,14-Aug-23,CUST926,Male,22,Electronics,1,30,30
927,24-Jun-23,CUST927,Male,43,Electronics,4,500,2000
939,18-Dec-23,CUST939,Female,46,Electronics,1,300,300
940,28-Jan-23,CUST940,Female,20,Electronics,1,30,30
946,8-May-23,CUST946,Male,62,Electronics,4,500,2000
948,13-Oct-23,CUST948,Female,23,Electronics,3,25,75
949,2-Aug-23,CUST949,Female,41,Electronics,2,25,50
954,25-Sep-23,CUST954,Female,50,Electronics,3,300,900
957,15-Aug-23,CUST957,Female,60,Electronics,4,30,120
958,2-Jun-23,CUST958,Male,62,Electronics,2,25,50
959,29-Oct-23,CUST959,Female,42,Electronics,2,30,60
966,20-Feb-23,CUST966,Male,60,Electronics,2,500,1000
970,16-May-23,CUST970,Male,59,Electronics,4,500,2000
971,5-Dec-23,CUST971,Female,27,Electronics,4,50,200
977,8-Feb-23,CUST977,Female,35,Electronics,3,25,75
980,29-Jul-23,CUST980,Female,31,Electronics,3,25,75
981,19-Aug-23,CUST981,Female,30,Electronics,2,30,60
985,30-May-23,CUST985,Female,19,Electronics,2,25,50
989,28-Dec-23,CUST989,Female,44,Electronics,1,25,25
992,21-Aug-23,CUST992,Female,57,Electronics,2,30,60
993,6-Feb-23,CUST993,Female,48,Electronics,3,50,150
999,5-Dec-23,CUST999,Female,36,Electronics,3,50,150
1000,12-Apr-23,CUST1000,Male,47,Electronics,4,30,120
6,25-Apr-23,CUST006,Female,45,Beauty,1,30,30
12,30-Oct-23,CUST012,Male,35,Beauty,3,25,75
27,3-Aug-23,CUST027,Female,38,Beauty,2,25,50
30,29-Oct-23,CUST030,Female,39,Beauty,3,300,900
32,4-Jan-23,CUST032,Male,30,Beauty,3,30,90
35,5-Aug-23,CUST035,Female,58,Beauty,3,300,900
36,24-Jun-23,CUST036,Male,52,Beauty,3,300,900
37,23-May-23,CUST037,Female,18,Beauty,3,25,75
50,24-Aug-23,CUST050,Female,27,Beauty,3,25,75
51,2-Oct-23,CUST051,Male,27,Beauty,3,25,75
52,5-Mar-23,CUST052,Female,36,Beauty,1,300,300
55,10-Oct-23,CUST055,Male,31,Beauty,4,30,120
57,18-Nov-23,CUST057,Female,63,Beauty,1,30,30
67,29-May-23,CUST067,Female,48,Beauty,4,300,1200
69,30-Apr-23,CUST069,Female,56,Beauty,3,25,75
71,14-Jul-23,CUST071,Female,51,Beauty,4,25,100
79,18-Apr-23,CUST079,Male,34,Beauty,1,300,300
86,8-Nov-23,CUST086,Male,19,Beauty,3,30,90
102,28-Apr-23,CUST102,Female,47,Beauty,2,25,50
108,19-Apr-23,CUST108,Female,27,Beauty,3,25,75
114,22-Jul-23,CUST114,Female,22,Beauty,4,25,100
129,23-Apr-23,CUST129,Female,21,Beauty,2,300,600
131,18-Sep-23,CUST131,Female,21,Beauty,2,300,600
172,17-Sep-23,CUST172,Male,32,Beauty,2,25,50
174,12-Apr-23,CUST174,Female,39,Beauty,1,300,300
182,15-Jun-23,CUST182,Male,62,Beauty,4,30,120
183,8-Sep-23,CUST183,Female,43,Beauty,3,300,900
190,4-May-23,CUST190,Female,60,Beauty,3,30,90
191,18-Oct-23,CUST191,Male,64,Beauty,1,25,25
198,7-Mar-23,CUST198,Female,54,Beauty,3,300,900
204,28-Sep-23,CUST204,Male,39,Beauty,1,25,25
207,19-Apr-23,CUST207,Female,42,Beauty,2,25,50
214,10-Dec-23,CUST214,Male,20,Beauty,2,30,60
218,22-Sep-23,CUST218,Male,64,Beauty,3,30,90
221,7-May-23,CUST221,Male,39,Beauty,2,300,600
225,11-Jan-23,CUST225,Female,57,Beauty,4,25,100
229,29-Oct-23,CUST229,Male,58,Beauty,3,30,90
230,23-Apr-23,CUST230,Male,54,Beauty,1,25,25
232,6-Feb-23,CUST232,Female,43,Beauty,1,25,25
233,29-Dec-23,CUST233,Female,51,Beauty,2,300,600
240,6-Feb-23,CUST240,Female,23,Beauty,1,300,300
260,1-Jul-23,CUST260,Male,28,Beauty,2,30,60
262,30-Jul-23,CUST262,Female,32,Beauty,4,30,120
263,28-Aug-23,CUST263,Male,23,Beauty,2,30,60
267,27-Nov-23,CUST267,Female,32,Beauty,3,30,90
271,23-Jun-23,CUST271,Female,62,Beauty,4,30,120
276,2-Oct-23,CUST276,Female,21,Beauty,4,25,100
290,4-Oct-23,CUST290,Female,30,Beauty,2,300,600
292,17-Feb-23,CUST292,Male,20,Beauty,4,300,1200
295,28-Jul-23,CUST295,Female,27,Beauty,3,300,900
298,20-Apr-23,CUST298,Male,27,Beauty,4,300,1200
302,14-Jul-23,CUST302,Male,57,Beauty,2,300,600
305,16-May-23,CUST305,Female,18,Beauty,1,30,30
308,5-Aug-23,CUST308,Female,34,Beauty,4,300,1200
309,23-Dec-23,CUST309,Female,26,Beauty,1,25,25
310,12-Oct-23,CUST310,Female,28,Beauty,1,25,25
311,5-Dec-23,CUST311,Female,32,Beauty,4,25,100
323,26-Jan-23,CUST323,Female,29,Beauty,3,300,900
335,4-Feb-23,CUST335,Female,47,Beauty,4,30,120
344,21-Jan-23,CUST344,Female,42,Beauty,1,30,30
350,17-Oct-23,CUST350,Male,25,Beauty,3,25,75
358,16-May-23,CUST358,Female,32,Beauty,1,300,300
363,3-Jun-23,CUST363,Male,64,Beauty,1,25,25
371,21-Feb-23,CUST371,Female,20,Beauty,1,25,25
373,3-Oct-23,CUST373,Female,25,Beauty,2,300,600
374,20-Apr-23,CUST374,Female,59,Beauty,3,25,75
376,16-May-23,CUST376,Female,64,Beauty,1,30,30
378,28-Jun-23,CUST378,Male,50,Beauty,1,300,300
383,22-Mar-23,CUST383,Female,46,Beauty,3,30,90
387,4-Jun-23,CUST387,Male,44,Beauty,1,30,30
391,5-Jan-23,CUST391,Male,19,Beauty,2,25,50
396,23-Feb-23,CUST396,Female,55,Beauty,1,30,30
397,10-Mar-23,CUST397,Female,30,Beauty,1,25,25
399,1-Mar-23,CUST399,Female,64,Beauty,2,30,60
406,18-Apr-23,CUST406,Female,22,Beauty,4,25,100
413,8-Sep-23,CUST413,Female,44,Beauty,3,25,75
414,9-May-23,CUST414,Male,48,Beauty,4,25,100
424,23-Nov-23,CUST424,Male,57,Beauty,4,300,1200
435,20-Dec-23,CUST435,Female,30,Beauty,3,300,900
441,10-Oct-23,CUST441,Male,57,Beauty,4,300,1200
448,21-Jan-23,CUST448,Female,54,Beauty,2,30,60
450,18-Apr-23,CUST450,Female,59,Beauty,2,25,50
454,22-Feb-23,CUST454,Female,46,Beauty,1,25,25
457,28-Jul-23,CUST457,Female,58,Beauty,3,300,900
469,8-May-23,CUST469,Male,18,Beauty,3,25,75
472,26-Dec-23,CUST472,Female,38,Beauty,3,300,900
492,29-Jun-23,CUST492,Male,61,Beauty,4,25,100
493,25-Nov-23,CUST493,Male,41,Beauty,2,25,50
495,24-Jul-23,CUST495,Male,24,Beauty,2,30,60
499,15-Jan-23,CUST499,Male,46,Beauty,2,30,60
500,1-Mar-23,CUST500,Female,60,Beauty,4,25,100
508,11-Aug-23,CUST508,Male,58,Beauty,2,300,600
512,7-Nov-23,CUST512,Female,57,Beauty,1,25,25
516,23-Oct-23,CUST516,Male,30,Beauty,4,25,100
524,3-Oct-23,CUST524,Male,46,Beauty,4,300,1200
525,18-Dec-23,CUST525,Female,47,Beauty,2,25,50
535,6-Dec-23,CUST535,Male,47,Beauty,3,30,90
536,5-Mar-23,CUST536,Female,55,Beauty,4,30,120
543,26-Jul-23,CUST543,Male,49,Beauty,2,300,600
555,19-Oct-23,CUST555,Male,25,Beauty,1,300,300
557,27-Jul-23,CUST557,Female,20,Beauty,3,30,90
565,7-Nov-23,CUST565,Female,45,Beauty,2,30,60
573,19-Sep-23,CUST573,Male,49,Beauty,2,30,60
581,21-Nov-23,CUST581,Female,48,Beauty,2,30,60
587,8-Jun-23,CUST587,Female,40,Beauty,4,300,1200
597,22-Aug-23,CUST597,Male,22,Beauty,4,300,1200
598,1-Aug-23,CUST598,Male,37,Beauty,4,30,120
610,3-Jan-23,CUST610,Female,26,Beauty,2,300,600
614,1-Apr-23,CUST614,Female,39,Beauty,4,300,1200
622,22-Aug-23,CUST622,Female,49,Beauty,3,25,75
624,26-Aug-23,CUST624,Female,34,Beauty,3,300,900
633,7-Aug-23,CUST633,Male,39,Beauty,4,30,120
644,6-Sep-23,CUST644,Male,23,Beauty,3,25,75
648,14-Aug-23,CUST648,Male,53,Beauty,4,300,1200
656,4-Oct-23,CUST656,Male,29,Beauty,3,30,90
669,19-Jun-23,CUST669,Male,24,Beauty,4,300,1200
670,5-Oct-23,CUST670,Male,27,Beauty,1,30,30
679,11-Jan-23,CUST679,Female,18,Beauty,3,30,90
682,2-Sep-23,CUST682,Male,46,Beauty,4,300,1200
701,14-Dec-23,CUST701,Female,52,Beauty,2,30,60
708,14-Jan-23,CUST708,Female,43,Beauty,3,300,900
712,6-Dec-23,CUST712,Female,57,Beauty,2,25,50
713,14-Jan-23,CUST713,Male,34,Beauty,3,25,75
715,26-Nov-23,CUST715,Female,42,Beauty,4,25,100
718,25-Aug-23,CUST718,Female,59,Beauty,3,25,75
722,14-Jul-23,CUST722,Male,20,Beauty,3,300,900
727,22-Jun-23,CUST727,Male,55,Beauty,3,300,900
733,29-Aug-23,CUST733,Male,34,Beauty,1,30,30
739,29-Nov-23,CUST739,Male,36,Beauty,1,25,25
747,15-Nov-23,CUST747,Male,23,Beauty,1,30,30
749,3-May-23,CUST749,Male,42,Beauty,1,30,30
767,24-Oct-23,CUST767,Male,39,Beauty,3,25,75
768,14-Jan-23,CUST768,Female,24,Beauty,3,25,75
778,18-Nov-23,CUST778,Female,47,Beauty,4,25,100
788,27-Jun-23,CUST788,Female,52,Beauty,3,300,900
791,5-Dec-23,CUST791,Female,51,Beauty,1,25,25
793,5-Feb-23,CUST793,Male,54,Beauty,1,30,30
794,17-Sep-23,CUST794,Female,60,Beauty,1,300,300
796,24-Jun-23,CUST796,Male,43,Beauty,4,30,120
802,5-Jul-23,CUST802,Female,46,Beauty,1,30,30
806,20-Mar-23,CUST806,Female,35,Beauty,3,300,900
811,19-May-23,CUST811,Male,61,Beauty,2,25,50
825,26-Aug-23,CUST825,Female,46,Beauty,1,25,25
827,9-Nov-23,CUST827,Male,61,Beauty,3,300,900
829,14-Jul-23,CUST829,Male,61,Beauty,3,30,90
834,4-Apr-23,CUST834,Female,56,Beauty,2,30,60
837,1-Jul-23,CUST837,Male,18,Beauty,3,30,90
855,1-Sep-23,CUST855,Male,54,Beauty,1,25,25
871,31-Aug-23,CUST871,Male,62,Beauty,2,30,60
872,11-Oct-23,CUST872,Female,63,Beauty,3,25,75
874,26-Jun-23,CUST874,Male,60,Beauty,1,30,30
905,2-Apr-23,CUST905,Male,58,Beauty,1,300,300
908,29-Dec-23,CUST908,Male,46,Beauty,4,300,1200
915,30-May-23,CUST915,Female,26,Beauty,3,30,90
919,9-Sep-23,CUST919,Female,22,Beauty,2,25,50
920,22-Feb-23,CUST920,Female,28,Beauty,3,25,75
923,26-May-23,CUST923,Male,32,Beauty,3,300,900
929,27-Jan-23,CUST929,Female,23,Beauty,3,25,75
931,2-Sep-23,CUST931,Male,30,Beauty,4,30,120
932,28-Feb-23,CUST932,Female,45,Beauty,4,25,100
933,3-Feb-23,CUST933,Male,22,Beauty,1,30,30
945,13-Feb-23,CUST945,Male,30,Beauty,1,25,25
947,2-Mar-23,CUST947,Male,50,Beauty,1,300,300
953,26-Apr-23,CUST953,Male,45,Beauty,3,30,90
967,17-Apr-23,CUST967,Male,62,Beauty,1,25,25
972,11-Feb-23,CUST972,Male,49,Beauty,4,25,100
974,3-May-23,CUST974,Male,47,Beauty,1,30,30
976,10-Oct-23,CUST976,Female,48,Beauty,2,300,600
979,2-Jan-23,CUST979,Female,19,Beauty,1,25,25
982,19-Dec-23,CUST982,Female,46,Beauty,3,30,90
997,17-Nov-23,CUST997,Male,52,Beauty,3,30,90
998,29-Oct-23,CUST998,Female,23,Beauty,4,25,100
1,24-Nov-23,CUST001,Male,34,Beauty,3,50,150
5,6-May-23,CUST005,Male,30,Beauty,2,50,100
25,26-Dec-23,CUST025,Female,64,Beauty,1,50,50
38,21-Mar-23,CUST038,Male,38,Beauty,4,50,200
40,22-Jun-23,CUST040,Male,45,Beauty,1,50,50
60,23-Oct-23,CUST060,Male,30,Beauty,3,50,150
61,9-Apr-23,CUST061,Male,21,Beauty,4,50,200
62,27-Dec-23,CUST062,Male,18,Beauty,2,50,100
75,6-Jul-23,CUST075,Male,61,Beauty,4,50,200
82,26-Dec-23,CUST082,Female,32,Beauty,4,50,200
87,22-Nov-23,CUST087,Female,28,Beauty,2,50,100
98,23-Apr-23,CUST098,Female,55,Beauty,2,50,100
120,7-May-23,CUST120,Male,60,Beauty,1,50,50
176,11-Jul-23,CUST176,Female,43,Beauty,2,50,100
177,24-Mar-23,CUST177,Male,45,Beauty,2,50,100
189,30-Jan-23,CUST189,Male,63,Beauty,1,50,50
192,10-Feb-23,CUST192,Male,62,Beauty,2,50,100
200,1-Sep-23,CUST200,Male,27,Beauty,3,50,150
244,9-Dec-23,CUST244,Male,28,Beauty,2,50,100
251,31-Aug-23,CUST251,Female,57,Beauty,4,50,200
273,8-May-23,CUST273,Female,22,Beauty,1,50,50
328,22-Mar-23,CUST328,Male,39,Beauty,2,50,100
330,18-Sep-23,CUST330,Female,25,Beauty,4,50,200
336,12-Dec-23,CUST336,Female,52,Beauty,3,50,150
338,26-Jul-23,CUST338,Male,54,Beauty,2,50,100
349,26-Oct-23,CUST349,Female,57,Beauty,1,50,50
354,15-Apr-23,CUST354,Female,49,Beauty,4,50,200
433,27-Feb-23,CUST433,Male,29,Beauty,4,50,200
460,2-May-23,CUST460,Male,40,Beauty,1,50,50
473,25-Feb-23,CUST473,Male,64,Beauty,1,50,50
494,18-Sep-23,CUST494,Female,42,Beauty,4,50,200
504,16-May-23,CUST504,Female,38,Beauty,3,50,150
505,20-Jan-23,CUST505,Male,24,Beauty,1,50,50
510,10-Jun-23,CUST510,Female,39,Beauty,4,50,200
511,12-Aug-23,CUST511,Male,45,Beauty,2,50,100
542,17-Jun-23,CUST542,Female,20,Beauty,1,50,50
549,4-Aug-23,CUST549,Female,50,Beauty,2,50,100
554,12-Nov-23,CUST554,Female,46,Beauty,3,50,150
576,4-Dec-23,CUST576,Female,33,Beauty,3,50,150
584,17-Feb-23,CUST584,Female,27,Beauty,4,50,200
599,19-Nov-23,CUST599,Female,28,Beauty,2,50,100
618,26-Jan-23,CUST618,Female,27,Beauty,1,50,50
628,1-Nov-23,CUST628,Female,19,Beauty,4,50,200
639,13-May-23,CUST639,Female,62,Beauty,4,50,200
652,1-May-23,CUST652,Female,34,Beauty,2,50,100
672,1-Aug-23,CUST672,Female,34,Beauty,2,50,100
723,17-Jun-23,CUST723,Female,54,Beauty,4,50,200
740,5-Feb-23,CUST740,Female,25,Beauty,4,50,200
745,13-Apr-23,CUST745,Male,54,Beauty,2,50,100
785,3-Mar-23,CUST785,Female,31,Beauty,4,50,200
792,9-Jul-23,CUST792,Female,20,Beauty,1,50,50
809,25-Sep-23,CUST809,Female,62,Beauty,2,50,100
817,31-Oct-23,CUST817,Male,30,Beauty,4,50,200
819,15-Jun-23,CUST819,Female,35,Beauty,2,50,100
822,23-May-23,CUST822,Female,52,Beauty,3,50,150
833,16-Jun-23,CUST833,Male,42,Beauty,4,50,200
846,22-Sep-23,CUST846,Male,42,Beauty,1,50,50
902,1-Jun-23,CUST902,Female,54,Beauty,1,50,50
903,27-Apr-23,CUST903,Female,51,Beauty,4,50,200
910,6-Mar-23,CUST910,Female,20,Beauty,3,50,150
912,24-Jan-23,CUST912,Male,51,Beauty,3,50,150
924,29-Aug-23,CUST924,Male,55,Beauty,2,50,100
935,9-Sep-23,CUST935,Female,34,Beauty,1,50,50
936,7-Feb-23,CUST936,Male,57,Beauty,4,50,200
951,2-Nov-23,CUST951,Male,33,Beauty,2,50,100
961,6-Jun-23,CUST961,Male,53,Beauty,4,50,200
963,14-Nov-23,CUST963,Female,55,Beauty,1,50,50
21,14-Jan-23,CUST021,Female,50,Beauty,1,500,500
28,23-Apr-23,CUST028,Female,43,Beauty,1,500,500
47,6-Nov-23,CUST047,Female,40,Beauty,3,500,1500
74,22-Nov-23,CUST074,Female,18,Beauty,4,500,2000
93,14-Jul-23,CUST093,Female,35,Beauty,4,500,2000
94,19-May-23,CUST094,Female,47,Beauty,2,500,1000
97,13-Oct-23,CUST097,Female,51,Beauty,2,500,1000
104,11-Jun-23,CUST104,Female,34,Beauty,2,500,1000
128,5-Jul-23,CUST128,Male,25,Beauty,1,500,500
137,18-Nov-23,CUST137,Male,46,Beauty,2,500,1000
139,15-Dec-23,CUST139,Male,36,Beauty,4,500,2000
144,15-Jul-23,CUST144,Female,59,Beauty,3,500,1500
161,22-Mar-23,CUST161,Male,64,Beauty,2,500,1000
164,15-May-23,CUST164,Female,47,Beauty,3,500,1500
169,17-Nov-23,CUST169,Male,18,Beauty,3,500,1500
193,13-Feb-23,CUST193,Male,35,Beauty,3,500,1500
199,4-Dec-23,CUST199,Male,45,Beauty,3,500,1500
211,1-Jan-24,CUST211,Male,42,Beauty,3,500,1500
213,24-Jul-23,CUST213,Male,27,Beauty,3,500,1500
220,3-Mar-23,CUST220,Male,64,Beauty,1,500,500
237,4-Feb-23,CUST237,Female,50,Beauty,2,500,1000
238,17-Jan-23,CUST238,Female,39,Beauty,1,500,500
257,19-Feb-23,CUST257,Male,19,Beauty,4,500,2000
281,23-May-23,CUST281,Female,29,Beauty,4,500,2000
313,21-Mar-23,CUST313,Female,55,Beauty,3,500,1500
364,23-Aug-23,CUST364,Female,19,Beauty,1,500,500
372,7-Feb-23,CUST372,Female,24,Beauty,3,500,1500
393,11-Oct-23,CUST393,Female,22,Beauty,2,500,1000
408,15-Apr-23,CUST408,Female,64,Beauty,1,500,500
447,6-Jul-23,CUST447,Male,22,Beauty,4,500,2000
461,25-Mar-23,CUST461,Female,18,Beauty,2,500,1000
463,31-Jul-23,CUST463,Female,54,Beauty,3,500,1500
480,29-Jun-23,CUST480,Female,42,Beauty,4,500,2000
503,25-Oct-23,CUST503,Male,45,Beauty,4,500,2000
506,25-Feb-23,CUST506,Male,34,Beauty,3,500,1500
522,1-Jan-23,CUST522,Male,46,Beauty,3,500,1500
537,3-Jun-23,CUST537,Female,21,Beauty,1,500,500
539,8-Jun-23,CUST539,Male,25,Beauty,1,500,500
541,29-Jul-23,CUST541,Male,56,Beauty,1,500,500
577,13-Feb-23,CUST577,Male,21,Beauty,4,500,2000
589,12-Apr-23,CUST589,Female,36,Beauty,2,500,1000
592,24-Jan-23,CUST592,Female,46,Beauty,4,500,2000
600,22-Oct-23,CUST600,Female,59,Beauty,2,500,1000
611,24-Feb-23,CUST611,Male,51,Beauty,3,500,1500
621,4-Mar-23,CUST621,Female,40,Beauty,2,500,1000
636,23-Mar-23,CUST636,Female,21,Beauty,3,500,1500
660,29-Apr-23,CUST660,Female,38,Beauty,2,500,1000
662,22-Dec-23,CUST662,Male,48,Beauty,2,500,1000
677,27-Oct-23,CUST677,Female,19,Beauty,3,500,1500
683,4-Jan-23,CUST683,Male,38,Beauty,2,500,1000
693,23-Apr-23,CUST693,Male,41,Beauty,3,500,1500
720,26-Jan-23,CUST720,Female,56,Beauty,3,500,1500
743,16-Jan-23,CUST743,Female,34,Beauty,4,500,2000
760,27-Mar-23,CUST760,Male,27,Beauty,1,500,500
781,23-Dec-23,CUST781,Male,35,Beauty,1,500,500
805,29-Dec-23,CUST805,Female,30,Beauty,3,500,1500
808,1-Apr-23,CUST808,Male,33,Beauty,4,500,2000
816,12-Aug-23,CUST816,Male,47,Beauty,2,500,1000
832,11-Sep-23,CUST832,Male,47,Beauty,4,500,2000
843,22-May-23,CUST843,Male,21,Beauty,3,500,1500
850,28-Jul-23,CUST850,Female,26,Beauty,2,500,1000
853,4-May-23,CUST853,Male,21,Beauty,2,500,1000
869,25-Oct-23,CUST869,Male,37,Beauty,3,500,1500
880,21-Aug-23,CUST880,Male,22,Beauty,2,500,1000
934,25-Jul-23,CUST934,Male,30,Beauty,1,500,500
937,23-Oct-23,CUST937,Female,62,Beauty,1,500,500
990,25-May-23,CUST990,Female,58,Beauty,2,500,1000
994,18-Dec-23,CUST994,Female,51,Beauty,2,500,1000
